{"beta": 0.1, "gamma": 0.05, "targeting_criterion": null, "trackmeme": true, "verbose": false, "epsilon": 0.001, "mu": 0.5, "phi": 1, "alpha": 15, "theta": 1, "mu_friction": 0, "pass_friction": 0.5, "learning_friction": 0.9, "human_network": "follower_network.gml", "graph_gml": "data/infosys_network.gml", "mode": "igraph", "quality": [0.2531708155006548, 0.23814482031668394], "diversity": [4.520464014837457, 4.58096531392141], "discriminative_pow": [[0.7559055339592815, 0.0], [0.74134116029121, 0.0]]}